match_date,tour,tournament,surface,round,player_1,player_2
2026-04-14,ATP,Tourney_8,Grass,SF,ATP_Player_20,ATP_Player_6
2026-04-15,ATP,Tourney_3,Grass,F,ATP_Player_13,ATP_Player_12
2026-04-16,ATP,Tourney_8,Grass,R16,ATP_Player_3,ATP_Player_2
2026-04-17,ATP,Tourney_3,Grass,SF,ATP_Player_19,ATP_Player_4
2026-04-18,ATP,Tourney_6,Hard,R16,ATP_Player_3,ATP_Player_11
2026-04-19,WTA,Tourney_4,Hard,R32,WTA_Player_4,WTA_Player_12
2026-04-20,ATP,Tourney_1,Hard,SF,ATP_Player_12,ATP_Player_4
2026-04-21,WTA,Tourney_4,Clay,F,WTA_Player_6,WTA_Player_10
2026-04-22,WTA,Tourney_8,Hard,QF,WTA_Player_14,WTA_Player_1
2026-04-23,WTA,Tourney_6,Hard,F,WTA_Player_5,WTA_Player_7
2026-04-24,WTA,Tourney_2,Clay,F,WTA_Player_11,WTA_Player_1
2026-04-25,ATP,Tourney_1,Grass,QF,ATP_Player_17,ATP_Player_19
2026-04-26,WTA,Tourney_6,Clay,F,WTA_Player_6,WTA_Player_8
2026-04-27,ATP,Tourney_2,Hard,R16,ATP_Player_19,ATP_Player_3
2026-04-28,WTA,Tourney_4,Grass,QF,WTA_Player_7,WTA_Player_19
2026-04-29,WTA,Tourney_3,Hard,R16,WTA_Player_10,WTA_Player_5
2026-04-30,ATP,Tourney_8,Clay,F,ATP_Player_11,ATP_Player_17
2026-05-01,ATP,Tourney_4,Grass,R16,ATP_Player_18,ATP_Player_8
2026-05-02,WTA,Tourney_1,Hard,F,WTA_Player_6,WTA_Player_4
2026-05-03,WTA,Tourney_7,Hard,R16,WTA_Player_2,WTA_Player_7
2026-05-04,WTA,Tourney_1,Clay,SF,WTA_Player_8,WTA_Player_20
2026-05-05,WTA,Tourney_4,Grass,R16,WTA_Player_2,WTA_Player_19
2026-05-06,WTA,Tourney_7,Hard,F,WTA_Player_10,WTA_Player_9
2026-05-07,ATP,Tourney_5,Grass,QF,ATP_Player_12,ATP_Player_2
2026-05-08,ATP,Tourney_8,Grass,QF,ATP_Player_14,ATP_Player_11
